                  epoch,         train/box_loss,         train/cls_loss,         train/dfl_loss,   metrics/precision(B),      metrics/recall(B),       metrics/mAP50(B),    metrics/mAP50-95(B),           val/box_loss,           val/cls_loss,           val/dfl_loss,                 lr/pg0,                 lr/pg1,                 lr/pg2
                      1,                 3.7207,                 4.0925,                 2.5797,                0.12781,                0.07296,                0.07036,                0.01739,                 2.8193,                 3.1317,                  1.836,               0.070074,              0.0033251,              0.0033251
                      2,                 2.6221,                 2.9909,                 1.6267,                0.07014,                0.13637,                0.07447,                0.03602,                 2.2414,                 2.4493,                 1.4319,               0.040041,              0.0066255,              0.0066255
                      3,                 2.2539,                 2.5075,                  1.393,                0.21977,                0.12905,                0.10025,                0.05115,                 1.9955,                 2.1228,                 1.2917,              0.0099752,              0.0098929,              0.0098929
                      4,                 2.0402,                 2.1636,                 1.2867,                0.28209,                0.16087,                0.13577,                0.07195,                 1.8442,                 1.8782,                  1.223,              0.0098515,              0.0098515,              0.0098515
                      5,                 1.9052,                 1.9394,                  1.227,                 0.2291,                0.18533,                0.16561,                0.08825,                 1.7634,                 1.7035,                 1.1817,               0.009802,               0.009802,               0.009802
                      6,                  1.805,                 1.7778,                  1.185,                0.26801,                0.22747,                0.20052,                0.11078,                 1.6626,                 1.5725,                 1.1475,              0.0097525,              0.0097525,              0.0097525
                      7,                 1.7502,                 1.6721,                 1.1587,                 0.3092,                0.25764,                0.23334,                0.13116,                 1.6125,                 1.4778,                 1.1294,               0.009703,               0.009703,               0.009703
                      8,                 1.6926,                 1.5935,                 1.1384,                0.33115,                0.27576,                0.24931,                0.13858,                 1.5884,                 1.4342,                 1.1123,              0.0096535,              0.0096535,              0.0096535
                      9,                 1.6558,                 1.5284,                 1.1234,                0.33835,                0.27768,                0.26328,                0.15116,                  1.567,                 1.4065,                 1.0986,               0.009604,               0.009604,               0.009604
                     10,                 1.6259,                 1.4713,                 1.1102,                 0.3667,                0.29819,                0.28279,                0.16213,                 1.5345,                 1.3465,                 1.0896,              0.0095545,              0.0095545,              0.0095545
                     11,                 1.6051,                 1.4377,                 1.1016,                0.37936,                0.30711,                0.29742,                0.17007,                 1.5065,                 1.3131,                 1.0815,               0.009505,               0.009505,               0.009505
                     12,                 1.5899,                  1.423,                 1.0971,                0.39307,                0.32574,                0.31406,                 0.1816,                 1.4815,                 1.2775,                 1.0725,              0.0094555,              0.0094555,              0.0094555
                     13,                  1.571,                 1.3826,                 1.0871,                0.42216,                0.33178,                0.33067,                0.18939,                 1.4742,                 1.2544,                 1.0723,               0.009406,               0.009406,               0.009406
                     14,                 1.5507,                 1.3554,                 1.0803,                0.42944,                0.33279,                0.33455,                0.19577,                 1.4509,                 1.2342,                 1.0556,              0.0093565,              0.0093565,              0.0093565
                     15,                 1.5271,                 1.3154,                 1.0668,                 0.4407,                0.35525,                0.34954,                0.20397,                 1.4421,                 1.2094,                 1.0576,               0.009307,               0.009307,               0.009307
                     16,                 1.5254,                  1.316,                 1.0707,                0.45532,                 0.3394,                0.34673,                 0.2036,                 1.4505,                 1.2173,                 1.0564,              0.0092575,              0.0092575,              0.0092575
                     17,                 1.5255,                 1.3034,                  1.067,                0.44877,                0.35532,                0.35658,                  0.212,                 1.4221,                 1.1859,                 1.0401,               0.009208,               0.009208,               0.009208
                     18,                 1.5098,                 1.2773,                 1.0619,                 0.4572,                 0.3642,                0.37333,                0.22011,                 1.4119,                 1.1703,                 1.0429,              0.0091585,              0.0091585,              0.0091585
                     19,                 1.4902,                 1.2606,                 1.0564,                0.45097,                0.37553,                0.36939,                 0.2196,                 1.4134,                 1.1635,                  1.041,               0.009109,               0.009109,               0.009109
                     20,                 1.4912,                 1.2435,                 1.0512,                0.46309,                0.38121,                0.37658,                 0.2229,                 1.3989,                 1.1488,                 1.0347,              0.0090595,              0.0090595,              0.0090595
                     21,                 1.4732,                 1.2262,                 1.0471,                0.47367,                0.37961,                0.38888,                0.23128,                 1.3812,                 1.1328,                 1.0298,                0.00901,                0.00901,                0.00901
                     22,                  1.472,                 1.2121,                 1.0441,                0.47821,                0.38308,                0.39053,                0.23099,                  1.395,                 1.1379,                 1.0334,              0.0089605,              0.0089605,              0.0089605
                     23,                 1.4607,                 1.2077,                 1.0397,                0.46596,                0.39256,                0.39333,                0.23249,                 1.3892,                 1.1269,                 1.0281,               0.008911,               0.008911,               0.008911
                     24,                 1.4449,                 1.1854,                 1.0353,                 0.4756,                0.39605,                0.39544,                0.23417,                 1.3833,                 1.1219,                 1.0272,              0.0088615,              0.0088615,              0.0088615
                     25,                 1.4469,                 1.1818,                 1.0338,                0.48612,                0.39037,                0.40188,                0.23821,                 1.3723,                 1.1138,                 1.0259,               0.008812,               0.008812,               0.008812
                     26,                 1.4344,                 1.1798,                 1.0355,                0.49435,                0.39775,                 0.4038,                0.24174,                  1.362,                 1.0974,                 1.0196,              0.0087625,              0.0087625,              0.0087625
                     27,                 1.4305,                 1.1631,                 1.0307,                0.49869,                0.40362,                0.41225,                0.24679,                 1.3541,                 1.0924,                 1.0179,               0.008713,               0.008713,               0.008713
                     28,                 1.4341,                 1.1678,                 1.0317,                0.51306,                0.39698,                0.41469,                0.25097,                 1.3525,                 1.0876,                 1.0162,              0.0086635,              0.0086635,              0.0086635
                     29,                 1.4205,                  1.148,                 1.0262,                 0.5145,                0.40509,                0.42138,                0.25395,                 1.3485,                 1.0796,                 1.0166,               0.008614,               0.008614,               0.008614
                     30,                 1.4189,                 1.1444,                 1.0251,                0.49727,                0.40806,                0.41472,                 0.2495,                 1.3499,                 1.0709,                 1.0159,              0.0085645,              0.0085645,              0.0085645
                     31,                   1.42,                 1.1356,                 1.0241,                 0.5095,                 0.4097,                 0.4225,                0.25237,                 1.3473,                  1.073,                 1.0137,               0.008515,               0.008515,               0.008515
                     32,                 1.4063,                 1.1182,                 1.0199,                0.50545,                 0.4154,                0.42511,                0.25553,                 1.3391,                 1.0618,                 1.0124,              0.0084655,              0.0084655,              0.0084655
                     33,                 1.4051,                 1.1201,                 1.0217,                0.51662,                0.41093,                0.42901,                0.25911,                 1.3413,                 1.0613,                 1.0133,               0.008416,               0.008416,               0.008416
                     34,                 1.3958,                 1.1091,                 1.0197,                0.52374,                0.41624,                0.43294,                0.26134,                 1.3386,                 1.0528,                 1.0095,              0.0083665,              0.0083665,              0.0083665
                     35,                 1.3856,                 1.1066,                 1.0175,                0.51756,                0.42277,                0.43447,                0.26321,                 1.3346,                 1.0487,                 1.0079,               0.008317,               0.008317,               0.008317
                     36,                 1.3979,                 1.1085,                 1.0146,                 0.5276,                0.42388,                0.43529,                0.26201,                 1.3325,                  1.043,                 1.0075,              0.0082675,              0.0082675,              0.0082675
                     37,                 1.3991,                 1.1018,                 1.0164,                 0.5292,                0.42575,                0.44352,                0.27012,                 1.3217,                 1.0391,                 1.0043,               0.008218,               0.008218,               0.008218
                     38,                 1.3911,                 1.0922,                 1.0142,                0.53137,                0.42833,                0.44186,                0.26753,                 1.3224,                 1.0307,                 1.0053,              0.0081685,              0.0081685,              0.0081685
                     39,                 1.3945,                 1.0975,                  1.015,                0.52179,                0.42541,                0.43999,                0.26653,                 1.3212,                 1.0374,                 1.0038,               0.008119,               0.008119,               0.008119
                     40,                 1.3848,                 1.0812,                 1.0107,                0.52368,                0.43369,                0.44268,                0.26891,                 1.3196,                 1.0274,                 1.0032,              0.0080695,              0.0080695,              0.0080695
                     41,                 1.3768,                 1.0791,                 1.0111,                0.53167,                0.43517,                0.45085,                0.27322,                 1.3127,                  1.023,                 1.0006,                0.00802,                0.00802,                0.00802
                     42,                 1.3653,                 1.0626,                 1.0049,                0.52594,                0.43416,                0.44782,                0.27207,                 1.3101,                 1.0219,                0.99974,              0.0079705,              0.0079705,              0.0079705
                     43,                  1.363,                 1.0625,                  1.005,                0.53583,                0.43298,                0.44879,                0.27316,                 1.3122,                 1.0181,                 1.0004,               0.007921,               0.007921,               0.007921
                     44,                 1.3741,                 1.0689,                 1.0046,                 0.5501,                 0.4403,                0.45527,                0.27611,                 1.3141,                 1.0162,                 1.0004,              0.0078715,              0.0078715,              0.0078715
                     45,                 1.3645,                 1.0611,                 1.0069,                 0.5429,                0.43943,                0.45353,                0.27661,                 1.3064,                 1.0134,                0.99909,               0.007822,               0.007822,               0.007822
                     46,                 1.3629,                 1.0601,                 1.0036,                0.54426,                0.43753,                0.45543,                0.27736,                 1.3082,                 1.0085,                0.99743,              0.0077725,              0.0077725,              0.0077725
                     47,                 1.3702,                 1.0604,                 1.0074,                 0.5356,                0.44034,                0.45977,                 0.2801,                 1.3048,                 1.0058,                0.99635,               0.007723,               0.007723,               0.007723
                     48,                 1.3661,                  1.048,                 1.0025,                0.57047,                0.43648,                0.46455,                 0.2823,                 1.3017,                0.99869,                0.99612,              0.0076735,              0.0076735,              0.0076735
                     49,                 1.3385,                 1.0342,                0.99651,                0.53295,                0.44667,                0.45811,                0.28084,                 1.3021,                 1.0058,                0.99702,               0.007624,               0.007624,               0.007624
                     50,                 1.3496,                 1.0432,                0.99798,                 0.5432,                0.44577,                0.46115,                0.28286,                 1.2961,                 1.0013,                0.99472,              0.0075745,              0.0075745,              0.0075745
                     51,                 1.3374,                 1.0292,                0.99613,                0.54421,                0.44888,                0.46444,                0.28562,                 1.2958,                0.99575,                 0.9934,               0.007525,               0.007525,               0.007525
                     52,                 1.3421,                  1.026,                0.99867,                0.54843,                 0.4474,                0.46398,                0.28397,                 1.2957,                0.99538,                0.99393,              0.0074755,              0.0074755,              0.0074755
                     53,                  1.347,                 1.0303,                0.99794,                0.54962,                0.44755,                 0.4673,                0.28629,                  1.295,                 0.9903,                0.99374,               0.007426,               0.007426,               0.007426
                     54,                 1.3492,                 1.0298,                0.99686,                0.56037,                0.45074,                 0.4699,                0.28781,                 1.2923,                0.98877,                0.99264,              0.0073765,              0.0073765,              0.0073765
                     55,                 1.3448,                  1.023,                0.99454,                0.56777,                 0.4448,                0.46898,                0.28783,                 1.2951,                0.98794,                0.99232,               0.007327,               0.007327,               0.007327
                     56,                  1.335,                 1.0187,                0.99431,                0.56341,                0.44863,                0.47282,                0.28977,                 1.2921,                0.98807,                0.99205,              0.0072775,              0.0072775,              0.0072775
                     57,                 1.3306,                  1.017,                0.99534,                0.55915,                 0.4541,                0.47426,                 0.2905,                 1.2892,                0.98379,                0.99079,               0.007228,               0.007228,               0.007228
                     58,                 1.3378,                 1.0121,                0.99471,                0.55209,                0.45285,                 0.4725,                0.29047,                 1.2864,                0.98093,                 0.9899,              0.0071785,              0.0071785,              0.0071785
                     59,                 1.3361,                 1.0126,                0.99418,                0.55197,                0.45865,                0.47494,                0.29202,                 1.2883,                0.98389,                0.99153,               0.007129,               0.007129,               0.007129
                     60,                  1.329,                  1.006,                0.98925,                0.56504,                0.44885,                0.47471,                0.29127,                 1.2839,                0.97799,                0.98902,              0.0070795,              0.0070795,              0.0070795
                     61,                 1.3303,                 1.0042,                0.99167,                0.55806,                0.45528,                0.47393,                0.29189,                 1.2801,                0.97552,                0.98723,                0.00703,                0.00703,                0.00703
                     62,                 1.3261,                0.99563,                 0.9905,                 0.5711,                0.44819,                0.47554,                  0.293,                  1.284,                0.97419,                0.98898,              0.0069805,              0.0069805,              0.0069805
                     63,                 1.3323,                0.99813,                0.99124,                 0.5687,                0.45727,                0.48047,                0.29623,                 1.2783,                0.97036,                0.98745,               0.006931,               0.006931,               0.006931
                     64,                 1.3338,                 1.0002,                0.99277,                0.57033,                0.45859,                0.48101,                0.29492,                 1.2795,                0.97216,                0.98779,              0.0068815,              0.0068815,              0.0068815
                     65,                 1.3242,                0.99158,                0.98859,                0.56788,                0.45977,                0.48205,                0.29753,                  1.278,                0.96997,                0.98713,               0.006832,               0.006832,               0.006832
                     66,                  1.325,                0.99454,                0.99086,                0.56774,                0.46182,                0.48225,                0.29684,                 1.2778,                0.97075,                0.98748,              0.0067825,              0.0067825,              0.0067825
                     67,                 1.3216,                0.98903,                0.98825,                0.58304,                0.45483,                0.48272,                0.29726,                 1.2776,                0.96701,                0.98611,               0.006733,               0.006733,               0.006733
                     68,                 1.3175,                0.98322,                0.98452,                0.56206,                0.46271,                0.48337,                0.29742,                 1.2769,                0.96438,                0.98587,              0.0066835,              0.0066835,              0.0066835
                     69,                  1.321,                0.98209,                0.98494,                0.57548,                 0.4593,                0.48308,                0.29772,                 1.2743,                0.96521,                0.98601,               0.006634,               0.006634,               0.006634
                     70,                  1.315,                0.97577,                0.98494,                0.57882,                 0.4597,                0.48363,                0.29914,                 1.2734,                 0.9619,                0.98567,              0.0065845,              0.0065845,              0.0065845
                     71,                 1.3195,                0.97976,                0.98565,                0.58017,                0.45993,                 0.4859,                0.29982,                 1.2745,                0.96002,                0.98565,               0.006535,               0.006535,               0.006535
                     72,                 1.3155,                0.97823,                0.98486,                0.57887,                0.45984,                0.48854,                0.30178,                 1.2731,                0.96106,                0.98511,              0.0064855,              0.0064855,              0.0064855
                     73,                 1.3107,                0.96762,                0.98251,                0.57654,                 0.4646,                0.48776,                0.30083,                 1.2704,                0.95626,                0.98427,               0.006436,               0.006436,               0.006436
                     74,                  1.306,                0.96682,                0.98039,                0.57654,                0.46487,                0.48741,                0.29983,                 1.2708,                 0.9589,                0.98407,              0.0063865,              0.0063865,              0.0063865
                     75,                 1.3011,                0.96211,                0.98189,                0.58114,                0.46403,                0.49077,                0.30184,                 1.2705,                0.95552,                0.98346,               0.006337,               0.006337,               0.006337
                     76,                 1.3006,                0.95326,                0.97869,                0.57722,                0.46461,                0.49156,                 0.3027,                 1.2712,                0.95331,                0.98311,              0.0062875,              0.0062875,              0.0062875
                     77,                 1.3123,                0.96116,                0.98445,                0.58148,                0.46329,                0.49067,                0.30292,                 1.2704,                 0.9536,                 0.9833,               0.006238,               0.006238,               0.006238
                     78,                 1.2959,                0.95977,                0.98011,                0.58452,                0.46253,                0.49136,                0.30343,                 1.2691,                0.95213,                0.98258,              0.0061885,              0.0061885,              0.0061885
                     79,                 1.3061,                0.96576,                 0.9816,                0.57689,                 0.4701,                0.49346,                0.30511,                 1.2701,                0.95055,                0.98283,               0.006139,               0.006139,               0.006139
                     80,                 1.2968,                 0.9515,                0.97903,                0.58257,                0.47061,                0.49372,                0.30563,                 1.2687,                0.94941,                0.98271,              0.0060895,              0.0060895,              0.0060895
                     81,                 1.2935,                0.94887,                 0.9756,                0.58141,                0.47299,                0.49429,                0.30649,                 1.2669,                0.94769,                0.98179,                0.00604,                0.00604,                0.00604
                     82,                 1.2946,                 0.9519,                0.97923,                0.57644,                 0.4762,                0.49422,                0.30723,                 1.2663,                0.94757,                0.98138,              0.0059905,              0.0059905,              0.0059905
                     83,                 1.2932,                 0.9519,                0.97959,                0.58284,                0.47478,                0.49643,                0.30731,                 1.2632,                0.94629,                0.98044,               0.005941,               0.005941,               0.005941
                     84,                 1.2811,                0.94293,                0.97497,                0.59055,                0.46773,                 0.4984,                0.30905,                  1.263,                0.94353,                0.98044,              0.0058915,              0.0058915,              0.0058915
                     85,                 1.2867,                0.94323,                0.97585,                0.57861,                0.47171,                0.49512,                0.30606,                 1.2632,                0.94454,                0.98007,               0.005842,               0.005842,               0.005842
                     86,                 1.2847,                0.94447,                0.97688,                0.57617,                0.47112,                0.49549,                0.30626,                 1.2636,                0.94604,                0.98003,              0.0057925,              0.0057925,              0.0057925
                     87,                 1.2934,                0.94578,                0.97775,                0.57604,                 0.4754,                0.49674,                0.30744,                 1.2632,                0.94475,                0.98003,               0.005743,               0.005743,               0.005743
                     88,                 1.2778,                 0.9344,                0.97617,                 0.5884,                 0.4689,                 0.4966,                0.30787,                 1.2617,                 0.9422,                0.97969,              0.0056935,              0.0056935,              0.0056935
                     89,                  1.285,                0.93383,                0.97438,                0.57941,                 0.4726,                0.49685,                0.30811,                 1.2603,                0.94168,                0.97902,               0.005644,               0.005644,               0.005644
                     90,                 1.2856,                 0.9325,                0.97419,                0.59758,                0.46564,                0.49717,                0.30853,                 1.2596,                 0.9401,                0.97843,              0.0055945,              0.0055945,              0.0055945
                     91,                 1.2788,                0.92856,                0.97526,                 0.5962,                0.46768,                0.49835,                0.30978,                 1.2608,                0.94079,                0.97969,               0.005545,               0.005545,               0.005545
                     92,                 1.2764,                0.92124,                0.97543,                0.60203,                0.46593,                0.49816,                0.30957,                 1.2601,                0.94082,                0.97957,              0.0054955,              0.0054955,              0.0054955
                     93,                 1.2828,                0.92471,                0.97414,                0.59767,                0.47054,                0.49926,                0.30985,                 1.2594,                0.93922,                0.97923,               0.005446,               0.005446,               0.005446
                     94,                  1.278,                0.92957,                0.97389,                0.59895,                0.46902,                0.49987,                0.31075,                  1.259,                0.93887,                0.97905,              0.0053965,              0.0053965,              0.0053965
                     95,                 1.2766,                0.92208,                0.97325,                0.59779,                0.47009,                0.50037,                0.31116,                 1.2567,                0.93634,                0.97844,               0.005347,               0.005347,               0.005347
                     96,                 1.2715,                0.91954,                0.97121,                0.58924,                 0.4782,                0.50191,                0.31169,                 1.2568,                0.93415,                0.97795,              0.0052975,              0.0052975,              0.0052975
                     97,                 1.2634,                0.91475,                0.97072,                0.58474,                0.47697,                0.50192,                0.31203,                 1.2575,                0.93367,                 0.9778,               0.005248,               0.005248,               0.005248
                     98,                 1.2679,                  0.915,                 0.9693,                0.59093,                0.47374,                0.50187,                0.31215,                 1.2585,                0.93378,                0.97813,              0.0051985,              0.0051985,              0.0051985
                     99,                 1.2679,                0.91324,                0.97093,                0.59816,                0.46975,                0.50263,                0.31221,                 1.2586,                0.93392,                0.97797,               0.005149,               0.005149,               0.005149
                    100,                 1.2677,                0.91516,                0.96973,                0.59696,                0.46993,                0.50316,                0.31259,                 1.2578,                0.93285,                0.97769,              0.0050995,              0.0050995,              0.0050995
                    101,                 1.2647,                0.90804,                0.96944,                0.61216,                0.46428,                0.50402,                0.31271,                 1.2574,                0.93225,                0.97787,                0.00505,                0.00505,                0.00505
                    102,                 1.2683,                 0.9146,                0.96642,                0.61094,                0.46695,                0.50372,                0.31335,                 1.2561,                0.93204,                0.97753,              0.0050005,              0.0050005,              0.0050005
                    103,                 1.2644,                0.91355,                0.96909,                0.60757,                0.46984,                0.50433,                0.31329,                 1.2563,                0.93248,                 0.9777,               0.004951,               0.004951,               0.004951
                    104,                 1.2599,                0.90776,                0.96775,                0.60156,                0.47165,                0.50575,                0.31479,                 1.2554,                 0.9313,                0.97739,              0.0049015,              0.0049015,              0.0049015
                    105,                 1.2672,                0.90861,                 0.9678,                0.59955,                0.47361,                0.50615,                0.31496,                 1.2546,                0.93033,                0.97687,               0.004852,               0.004852,               0.004852
                    106,                 1.2659,                0.90985,                0.96879,                0.60323,                0.46799,                0.50618,                0.31493,                 1.2546,                0.92952,                0.97689,              0.0048025,              0.0048025,              0.0048025
                    107,                 1.2638,                 0.9008,                0.96646,                0.60485,                0.46785,                 0.5059,                0.31491,                 1.2548,                0.92896,                0.97683,               0.004753,               0.004753,               0.004753
                    108,                 1.2689,                0.90036,                 0.9666,                0.60998,                0.46742,                 0.5067,                 0.3152,                 1.2549,                0.92805,                0.97651,              0.0047035,              0.0047035,              0.0047035
                    109,                 1.2593,                0.89464,                0.96547,                 0.5944,                0.47707,                0.50773,                0.31533,                  1.255,                0.92706,                0.97646,               0.004654,               0.004654,               0.004654
                    110,                 1.2631,                 0.8961,                0.96468,                0.59587,                0.47719,                0.50776,                0.31525,                 1.2549,                0.92632,                0.97618,              0.0046045,              0.0046045,              0.0046045
                    111,                 1.2629,                0.89601,                 0.9679,                0.59956,                 0.4739,                0.50786,                 0.3159,                 1.2545,                0.92636,                0.97608,               0.004555,               0.004555,               0.004555
                    112,                 1.2551,                 0.8933,                0.96427,                 0.5998,                0.47471,                0.50741,                 0.3162,                 1.2551,                0.92669,                 0.9761,              0.0045055,              0.0045055,              0.0045055
                    113,                 1.2516,                0.89054,                0.96361,                 0.6069,                0.47089,                0.50702,                0.31611,                 1.2547,                 0.9259,                0.97587,               0.004456,               0.004456,               0.004456
                    114,                 1.2516,                0.89014,                0.96292,                0.60173,                0.47226,                 0.5071,                0.31664,                 1.2541,                0.92621,                0.97587,              0.0044065,              0.0044065,              0.0044065
                    115,                 1.2545,                0.89132,                0.96639,                0.59552,                0.47465,                0.50737,                0.31661,                 1.2536,                0.92539,                0.97549,               0.004357,               0.004357,               0.004357
                    116,                 1.2639,                0.89521,                0.96749,                0.59183,                 0.4784,                0.50748,                0.31643,                  1.254,                0.92534,                 0.9757,              0.0043075,              0.0043075,              0.0043075
                    117,                 1.2487,                0.88387,                0.96362,                0.59739,                0.47482,                0.50759,                0.31638,                 1.2536,                0.92462,                 0.9755,               0.004258,               0.004258,               0.004258
                    118,                 1.2388,                0.87703,                0.96062,                0.59548,                0.47929,                0.50844,                0.31671,                 1.2539,                0.92372,                0.97545,              0.0042085,              0.0042085,              0.0042085
                    119,                 1.2471,                0.88233,                0.96397,                0.60587,                0.47459,                0.50864,                0.31666,                 1.2533,                0.92365,                0.97521,               0.004159,               0.004159,               0.004159
                    120,                 1.2435,                 0.8802,                0.96082,                 0.6146,                0.46968,                0.50849,                 0.3169,                 1.2532,                0.92314,                0.97519,              0.0041095,              0.0041095,              0.0041095
                    121,                 1.2536,                 0.8856,                0.96248,                0.60483,                0.47461,                0.50869,                0.31748,                 1.2528,                0.92317,                  0.975,                0.00406,                0.00406,                0.00406
                    122,                 1.2456,                0.87643,                0.96253,                0.60272,                0.47652,                0.50853,                0.31742,                 1.2526,                0.92221,                0.97492,              0.0040105,              0.0040105,              0.0040105
                    123,                 1.2421,                0.87542,                0.96211,                0.59592,                0.48071,                0.50846,                0.31705,                 1.2523,                0.92164,                0.97484,               0.003961,               0.003961,               0.003961
                    124,                 1.2394,                0.87604,                0.96466,                0.59762,                0.48084,                0.50836,                 0.3172,                 1.2526,                 0.9218,                0.97485,              0.0039115,              0.0039115,              0.0039115
                    125,                 1.2405,                0.87501,                0.95949,                0.59472,                0.48177,                0.50866,                0.31725,                 1.2528,                0.92191,                0.97489,               0.003862,               0.003862,               0.003862
                    126,                 1.2427,                0.87353,                0.96084,                0.59589,                0.48135,                0.50842,                0.31701,                 1.2528,                0.92153,                0.97498,              0.0038125,              0.0038125,              0.0038125
                    127,                 1.2372,                0.86552,                0.96025,                0.59719,                 0.4814,                0.50839,                0.31719,                  1.253,                0.92137,                0.97497,               0.003763,               0.003763,               0.003763
                    128,                 1.2437,                0.87322,                0.95778,                0.59925,                0.47964,                0.50881,                0.31754,                 1.2526,                0.92041,                0.97478,              0.0037135,              0.0037135,              0.0037135
                    129,                 1.2457,                0.87201,                0.95768,                0.60479,                0.47726,                0.50916,                0.31787,                 1.2531,                0.92029,                0.97486,               0.003664,               0.003664,               0.003664
                    130,                 1.2347,                 0.8624,                  0.955,                0.60062,                0.47881,                0.50965,                 0.3184,                 1.2532,                0.91992,                0.97468,              0.0036145,              0.0036145,              0.0036145
                    131,                 1.2335,                0.86403,                0.96006,                0.60436,                0.47852,                0.51062,                0.31875,                  1.253,                0.91897,                0.97461,               0.003565,               0.003565,               0.003565
                    132,                 1.2323,                0.85964,                0.95584,                0.59964,                0.48021,                0.51091,                 0.3191,                 1.2526,                0.91845,                0.97463,              0.0035155,              0.0035155,              0.0035155
                    133,                 1.2294,                0.85499,                0.95711,                0.59869,                  0.483,                0.51079,                0.31905,                 1.2524,                0.91812,                0.97452,               0.003466,               0.003466,               0.003466
                    134,                 1.2319,                0.85933,                0.95824,                0.59691,                0.48439,                0.51118,                0.31933,                 1.2525,                0.91786,                0.97448,              0.0034165,              0.0034165,              0.0034165
                    135,                 1.2362,                0.86183,                0.95751,                0.59688,                0.48356,                0.51098,                 0.3193,                 1.2523,                0.91777,                 0.9744,               0.003367,               0.003367,               0.003367
                    136,                 1.2338,                0.86177,                0.95837,                0.59841,                0.48465,                0.51089,                0.31949,                 1.2526,                0.91731,                0.97441,              0.0033175,              0.0033175,              0.0033175
                    137,                 1.2318,                0.85526,                0.95717,                0.60202,                0.48357,                0.51135,                0.31941,                 1.2527,                0.91758,                0.97449,               0.003268,               0.003268,               0.003268
                    138,                 1.2285,                0.85454,                0.95483,                0.60213,                0.48279,                0.51138,                0.31945,                 1.2527,                0.91712,                0.97445,              0.0032185,              0.0032185,              0.0032185
                    139,                 1.2276,                0.85398,                0.95506,                0.60165,                0.48274,                0.51149,                0.31948,                 1.2523,                0.91671,                0.97427,               0.003169,               0.003169,               0.003169
                    140,                   1.23,                0.85402,                0.95737,                0.60161,                0.48324,                0.51137,                0.31938,                 1.2526,                0.91662,                0.97429,              0.0031195,              0.0031195,              0.0031195
                    141,                 1.2221,                 0.8455,                0.95532,                0.60046,                0.48589,                0.51173,                0.31946,                 1.2526,                0.91677,                0.97434,                0.00307,                0.00307,                0.00307
                    142,                 1.2244,                0.84843,                 0.9558,                0.60018,                 0.4866,                0.51166,                0.31949,                 1.2527,                0.91682,                0.97423,              0.0030205,              0.0030205,              0.0030205
                    143,                  1.222,                0.85021,                0.95627,                0.60097,                0.48634,                0.51113,                0.31933,                  1.253,                0.91675,                0.97432,               0.002971,               0.002971,               0.002971
                    144,                 1.2117,                 0.8379,                0.95053,                 0.6025,                0.48725,                0.51148,                0.31935,                  1.253,                0.91687,                0.97432,              0.0029215,              0.0029215,              0.0029215
                    145,                 1.2173,                0.83998,                0.95092,                0.60057,                0.48819,                0.51155,                 0.3193,                 1.2531,                0.91685,                0.97433,               0.002872,               0.002872,               0.002872
                    146,                 1.2137,                0.83671,                0.94995,                0.60025,                0.48716,                0.51192,                0.31955,                  1.253,                0.91653,                 0.9744,              0.0028225,              0.0028225,              0.0028225
                    147,                 1.2185,                0.83634,                0.95267,                0.60211,                0.48659,                0.51201,                0.31976,                  1.253,                 0.9165,                0.97437,               0.002773,               0.002773,               0.002773
                    148,                  1.223,                0.83717,                0.95258,                0.60361,                0.48519,                0.51197,                0.31984,                 1.2528,                0.91621,                 0.9744,              0.0027235,              0.0027235,              0.0027235
                    149,                 1.2097,                0.83209,                0.95019,                0.60366,                 0.4845,                0.51204,                0.32004,                 1.2529,                0.91588,                0.97439,               0.002674,               0.002674,               0.002674
                    150,                 1.2198,                0.83883,                 0.9522,                0.60383,                0.48456,                0.51237,                0.32007,                 1.2526,                0.91572,                 0.9743,              0.0026245,              0.0026245,              0.0026245
                    151,                 1.2117,                0.82968,                 0.9501,                0.60605,                 0.4827,                0.51214,                0.31998,                 1.2527,                 0.9155,                0.97427,               0.002575,               0.002575,               0.002575
                    152,                 1.2229,                0.84158,                0.95269,                0.60834,                0.48235,                0.51236,                0.31985,                 1.2527,                0.91523,                0.97425,              0.0025255,              0.0025255,              0.0025255
                    153,                 1.2169,                0.83425,                0.95293,                0.60984,                0.48123,                0.51239,                0.31989,                  1.253,                 0.9156,                0.97442,               0.002476,               0.002476,               0.002476
                    154,                 1.2265,                0.83817,                0.95346,                0.60755,                0.48209,                0.51232,                0.31989,                 1.2527,                0.91518,                0.97426,              0.0024265,              0.0024265,              0.0024265
                    155,                 1.2136,                0.83339,                0.95146,                 0.6041,                0.48324,                0.51222,                0.32015,                 1.2526,                0.91506,                0.97416,               0.002377,               0.002377,               0.002377
                    156,                 1.2155,                0.83148,                0.95115,                 0.6045,                0.48323,                0.51215,                0.31988,                 1.2527,                 0.9148,                0.97414,              0.0023275,              0.0023275,              0.0023275
                    157,                  1.207,                0.82147,                0.94852,                0.59849,                0.48627,                0.51207,                0.31996,                 1.2525,                0.91466,                 0.9742,               0.002278,               0.002278,               0.002278
                    158,                 1.2046,                0.82188,                0.94793,                0.60045,                0.48535,                0.51236,                0.31986,                 1.2527,                0.91467,                0.97421,              0.0022285,              0.0022285,              0.0022285
                    159,                 1.2066,                0.82305,                0.95053,                0.60164,                0.48499,                0.51272,                0.32025,                 1.2529,                0.91456,                0.97417,               0.002179,               0.002179,               0.002179
                    160,                 1.1993,                0.81504,                0.94566,                0.60142,                0.48586,                0.51275,                0.32031,                 1.2528,                0.91435,                0.97408,              0.0021295,              0.0021295,              0.0021295
                    161,                  1.205,                0.81924,                 0.9484,                0.60064,                0.48677,                 0.5128,                0.32024,                 1.2527,                  0.914,                0.97407,                0.00208,                0.00208,                0.00208
                    162,                 1.2098,                0.82296,                0.94864,                0.60191,                0.48593,                0.51271,                0.32022,                 1.2525,                0.91405,                0.97401,              0.0020305,              0.0020305,              0.0020305
                    163,                 1.2054,                0.81719,                0.94763,                0.60145,                0.48525,                0.51276,                0.32016,                 1.2527,                0.91409,                0.97398,               0.001981,               0.001981,               0.001981
                    164,                 1.2079,                0.81683,                0.94699,                0.60197,                0.48537,                0.51272,                0.32019,                 1.2527,                0.91406,                0.97397,              0.0019315,              0.0019315,              0.0019315
                    165,                 1.1978,                0.81238,                0.94405,                0.60218,                0.48493,                0.51306,                0.32021,                 1.2529,                0.91385,                0.97398,               0.001882,               0.001882,               0.001882
                    166,                 1.1992,                0.81182,                 0.9473,                0.59832,                0.48721,                0.51297,                 0.3203,                 1.2527,                0.91393,                0.97398,              0.0018325,              0.0018325,              0.0018325
                    167,                 1.1956,                0.81042,                 0.9463,                0.59668,                0.48857,                0.51309,                0.32021,                  1.253,                0.91389,                0.97397,               0.001783,               0.001783,               0.001783
                    168,                 1.2085,                0.81521,                0.94752,                0.59696,                0.48854,                0.51304,                0.31997,                  1.253,                0.91386,                0.97402,              0.0017335,              0.0017335,              0.0017335
                    169,                  1.205,                0.81336,                0.94717,                0.59828,                0.48743,                0.51298,                0.31985,                 1.2532,                0.91399,                0.97403,               0.001684,               0.001684,               0.001684
                    170,                 1.1947,                0.80917,                0.94432,                0.59804,                0.48805,                0.51297,                0.31986,                  1.253,                0.91382,                0.97395,              0.0016345,              0.0016345,              0.0016345
                    171,                 1.1934,                0.80601,                0.94345,                0.59928,                0.48777,                0.51324,                0.32002,                 1.2529,                0.91391,                0.97385,               0.001585,               0.001585,               0.001585
                    172,                 1.1965,                0.80385,                0.94408,                 0.5992,                0.48807,                0.51342,                0.32005,                  1.253,                0.91397,                0.97394,              0.0015355,              0.0015355,              0.0015355
                    173,                 1.1997,                0.80511,                 0.9438,                0.60119,                0.48714,                0.51312,                0.32008,                 1.2528,                0.91406,                0.97387,               0.001486,               0.001486,               0.001486
                    174,                 1.1836,                 0.7971,                0.94217,                0.60157,                0.48673,                0.51295,                 0.3201,                 1.2529,                0.91422,                0.97394,              0.0014365,              0.0014365,              0.0014365
                    175,                 1.1877,                0.79349,                0.94293,                0.60277,                0.48639,                0.51308,                0.31992,                  1.253,                0.91422,                0.97403,               0.001387,               0.001387,               0.001387
                    176,                 1.1848,                0.79564,                0.94302,                0.60249,                0.48634,                0.51313,                0.32001,                 1.2532,                0.91406,                0.97404,              0.0013375,              0.0013375,              0.0013375
                    177,                 1.1998,                0.80353,                0.94525,                0.60281,                0.48594,                0.51304,                0.31986,                 1.2533,                0.91392,                0.97412,               0.001288,               0.001288,               0.001288
                    178,                  1.187,                0.79464,                0.94348,                0.59964,                0.48827,                0.51304,                0.32001,                 1.2536,                0.91411,                0.97416,              0.0012385,              0.0012385,              0.0012385
                    179,                 1.1923,                0.79636,                0.94188,                0.59885,                0.48895,                0.51303,                0.31993,                 1.2537,                0.91397,                0.97416,               0.001189,               0.001189,               0.001189
                    180,                 1.1843,                0.79482,                0.94194,                0.59725,                 0.4894,                0.51321,                0.31979,                 1.2536,                0.91386,                0.97417,              0.0011395,              0.0011395,              0.0011395
                    181,                 1.1845,                0.79388,                0.94024,                0.59815,                0.48979,                0.51299,                0.31981,                 1.2539,                0.91412,                0.97414,                0.00109,                0.00109,                0.00109
                    182,                 1.1774,                0.78823,                0.94056,                0.59735,                0.49057,                0.51302,                0.31988,                 1.2539,                0.91405,                0.97414,              0.0010405,              0.0010405,              0.0010405
                    183,                 1.1765,                 0.7866,                0.94188,                0.59554,                0.49079,                0.51243,                 0.3197,                  1.254,                0.91423,                0.97422,               0.000991,               0.000991,               0.000991
                    184,                 1.1864,                0.78946,                0.94109,                0.59599,                0.49025,                0.51236,                0.31954,                 1.2538,                0.91427,                0.97421,              0.0009415,              0.0009415,              0.0009415
                    185,                 1.1858,                0.79023,                0.94164,                 0.5952,                0.49003,                0.51239,                0.31947,                 1.2541,                0.91435,                0.97428,               0.000892,               0.000892,               0.000892
                    186,                 1.1741,                0.78253,                0.93988,                0.59794,                 0.4885,                0.51183,                0.31932,                 1.2543,                0.91452,                0.97437,              0.0008425,              0.0008425,              0.0008425
                    187,                 1.1788,                0.78337,                0.94083,                0.59665,                0.48906,                0.51203,                0.31943,                 1.2545,                0.91479,                0.97435,               0.000793,               0.000793,               0.000793
                    188,                  1.177,                0.77839,                0.93952,                0.59842,                0.48876,                0.51198,                0.31934,                 1.2546,                0.91491,                0.97443,              0.0007435,              0.0007435,              0.0007435
                    189,                 1.1781,                0.78316,                0.93784,                0.59645,                0.48931,                0.51202,                0.31915,                 1.2547,                0.91494,                0.97446,               0.000694,               0.000694,               0.000694
                    190,                 1.1642,                0.77607,                0.93713,                0.59753,                 0.4889,                0.51193,                0.31932,                  1.255,                 0.9151,                0.97448,              0.0006445,              0.0006445,              0.0006445
                    191,                 1.1729,                0.77986,                0.94026,                0.59811,                0.48862,                0.51184,                0.31908,                  1.255,                0.91495,                0.97452,               0.000595,               0.000595,               0.000595
                    192,                 1.1749,                0.77793,                 0.9387,                0.59788,                0.48824,                0.51174,                 0.3191,                  1.255,                0.91521,                0.97449,              0.0005455,              0.0005455,              0.0005455
                    193,                 1.1675,                0.77348,                0.93716,                0.59976,                0.48646,                0.51151,                0.31882,                 1.2552,                0.91518,                0.97453,               0.000496,               0.000496,               0.000496
                    194,                 1.1779,                0.78003,                0.94202,                0.59928,                 0.4864,                0.51155,                0.31906,                 1.2553,                0.91526,                 0.9746,              0.0004465,              0.0004465,              0.0004465
                    195,                 1.1731,                0.77795,                0.93655,                0.59941,                0.48598,                 0.5114,                0.31905,                 1.2555,                0.91552,                 0.9746,               0.000397,               0.000397,               0.000397
                    196,                 1.1754,                0.77841,                0.93738,                0.59924,                0.48561,                0.51114,                 0.3188,                 1.2558,                0.91568,                0.97467,              0.0003475,              0.0003475,              0.0003475
                    197,                 1.1653,                0.77101,                 0.9352,                0.59936,                0.48649,                0.51102,                0.31869,                 1.2558,                0.91559,                0.97468,               0.000298,               0.000298,               0.000298
                    198,                 1.1711,                0.77189,                0.93719,                0.59971,                0.48548,                0.51095,                0.31886,                 1.2559,                0.91557,                0.97469,              0.0002485,              0.0002485,              0.0002485
                    199,                 1.1769,                0.77474,                0.93701,                0.60029,                0.48547,                0.51097,                0.31888,                 1.2559,                0.91561,                0.97469,               0.000199,               0.000199,               0.000199
                    200,                 1.1667,                0.77036,                 0.9371,                0.59977,                0.48515,                0.51102,                0.31861,                 1.2559,                0.91571,                0.97468,              0.0001495,              0.0001495,              0.0001495
